{"cameraMode":{"drawMode":0,"name":"Shaded","section":"Shading Mode"},"sceneLighting":true,"audioPlay":false,"sceneViewState":{"showFog":true,"showMaterialUpdate":false,"showSkybox":true,"showFlares":true,"showImageEffects":true,"showParticleSystems":true},"in2DMode":false,"pivot":{"x":1.1453900337219239,"y":0.2887697219848633,"z":0.48734569549560549},"rotation":{"x":0.18843688070774079,"y":-0.2939490079879761,"z":0.05920686572790146,"w":0.9351912140846252},"size":13.602720260620118,"orthographic":false}