{"cameraMode":{"drawMode":0,"name":"Shaded","section":"Shading Mode"},"sceneLighting":false,"audioPlay":false,"sceneViewState":{"showFog":true,"showMaterialUpdate":false,"showSkybox":true,"showFlares":true,"showImageEffects":true,"showParticleSystems":true},"in2DMode":false,"pivot":{"x":-1.885346531867981,"y":1.6716084480285645,"z":4.320974826812744},"rotation":{"x":-0.03153049200773239,"y":-0.9661948084831238,"z":0.21149945259094239,"w":-0.1440405547618866},"size":6.348928928375244,"orthographic":false}