{"cameraMode":{"drawMode":0,"name":"Shaded","section":"Shading Mode"},"sceneLighting":false,"audioPlay":false,"sceneViewState":{"showFog":true,"showMaterialUpdate":false,"showSkybox":false,"showFlares":true,"showImageEffects":true,"showParticleSystems":true},"in2DMode":false,"pivot":{"x":-0.7913421988487244,"y":0.024825971573591234,"z":0.24952474236488343},"rotation":{"x":0.166340172290802,"y":-0.38076430559158327,"z":0.06983637064695358,"w":0.9069070816040039},"size":0.18794317543506623,"orthographic":true}