{"cameraMode":{"drawMode":0,"name":"Shaded","section":"Shading Mode"},"sceneLighting":true,"audioPlay":false,"sceneViewState":{"showFog":true,"showMaterialUpdate":false,"showSkybox":true,"showFlares":true,"showImageEffects":true,"showParticleSystems":true},"in2DMode":false,"pivot":{"x":6.831531524658203,"y":0.3714585602283478,"z":1.0924910306930543},"rotation":{"x":0.14155563712120057,"y":0.6223862171173096,"z":-0.11576364189386368,"w":0.7610512375831604},"size":16.272104263305665,"orthographic":false}