{"cameraMode":{"drawMode":0,"name":"Shaded","section":"Shading Mode"},"sceneLighting":true,"audioPlay":false,"sceneViewState":{"showFog":true,"showMaterialUpdate":false,"showSkybox":true,"showFlares":true,"showImageEffects":true,"showParticleSystems":true},"in2DMode":false,"pivot":{"x":0.870269775390625,"y":-2.7049083709716799,"z":2.329740524291992},"rotation":{"x":0.1321079581975937,"y":0.4382151961326599,"z":-0.0652877539396286,"w":0.8867107033729553},"size":27.686216354370118,"orthographic":false}