{"cameraMode":{"drawMode":0,"name":"Shaded","section":"Shading Mode"},"sceneLighting":false,"audioPlay":false,"sceneViewState":{"showFog":true,"showMaterialUpdate":false,"showSkybox":true,"showFlares":true,"showImageEffects":true,"showParticleSystems":true},"in2DMode":false,"pivot":{"x":-0.5237400531768799,"y":-2.4371275901794435,"z":0.46323496103286745},"rotation":{"x":0.431610107421875,"y":0.14240311086177827,"z":-0.06921018660068512,"w":0.8880569934844971},"size":7.702493190765381,"orthographic":false}