{"cameraMode":{"drawMode":0,"name":"Shaded","section":"Shading Mode"},"sceneLighting":true,"audioPlay":false,"sceneViewState":{"showFog":true,"showMaterialUpdate":false,"showSkybox":true,"showFlares":true,"showImageEffects":true,"showParticleSystems":true},"in2DMode":false,"pivot":{"x":246.71514892578126,"y":484.0909423828125,"z":1183.6416015625},"rotation":{"x":0.08021890372037888,"y":0.047826994210481647,"z":-0.0038599520921707155,"w":0.9956269264221191},"size":936.7944946289063,"orthographic":false}